id;publicId;advertType;createdAt;modifiedAt;description;exclusiveOffer;externalId;features;title;agency;adCategoryname;adCategorytype;latitude;longitude;cityname;districtname;streetname;number;rent;costs;condition;ownership;ownername;phones;images;Area;Building_floors_num;Building_type;Building_material;Build_year;Construction_status;Extras_types;Floor_no;Heating;MarketType;OfferType;Price;ProperType;Rooms_num;Windows_type;Lift;voivodeship;city_or_village;district;residential
64440248;4mnQQ;PRIVATE;2023-07-21T12:28:01+02:00;2023-08-05T12:29:27+02:00;"<p>Mieszkanie 3 pokojowe z ogródkiem w stanie deweloperskim na osiedlu Konstantynowska Garden - 2 nowoczesne budynki z windami przy Konstantynowskiej 38 w Łodzi.</p>
<p></p>
<ul>
<li>Metraż mieszkania 60,42 m2</li>
<li><strong>Ogródek z częścią tarasową ok 120 m2</strong></li>
</ul>
<p></p>
<p>Cesja umowy deweloperskiej  - <strong>mieszkanie gotowe</strong>, na osiedlu trwają prace wykończeniowe.</p>
<p>Konieczna  wpłata całej ceny po zakupie praw do cesji.</p>
<p>Możliwość wejście z remontem od września.</p>
<p></p>
<p><strong>Do mieszkania przynależy miejsce parkingowe oraz komórka w garażu podziemnym w cenie.</strong></p>
<p></p>";False;;telewizja kablowa,internet,telefon,drzwi / okna antywłamaniowe,teren zamknięty,domofon / wideofon,garaż/miejsce parkingowe,ogródek,winda,taras,pom. użytkowe;3 pok. z ogródkiem, garażem, komórką w cenie Cesja;;FLAT;SELL;51.76032144999827;19.402239228439345;Łódź;Polesie;ul. Konstantynowska;38;;;TO_COMPLETION;FULL_OWNERSHIP;Marta Małyska;+48883442397;"https://ireland.apollo.olxcdn.com/v1/files/eyJmbiI6ImNybW45ZngxaW9hZjItQVBMIiwidyI6W3siZm4iOiJlbnZmcXFlMWF5NGsxLUFQTCIsInMiOiIxNCIsInAiOiIxMCwtMTAiLCJhIjoiMCJ9XX0.8XtPRW8IngSjr8EVniqXDNAkDTa0QjCMgmzFPfeHNew/image;s=655x491;q=80,https://ireland.apollo.olxcdn.com/v1/files/eyJmbiI6ImZkZzU3amllazhlNDEtQVBMIiwidyI6W3siZm4iOiJlbnZmcXFlMWF5NGsxLUFQTCIsInMiOiIxNCIsInAiOiIxMCwtMTAiLCJhIjoiMCJ9XX0.eHsg1l-IC1Q47VkVZ1BzkgUTEBeNxZ6jK4NNt13Fmbc/image;s=655x491;q=80,https://ireland.apollo.olxcdn.com/v1/files/eyJmbiI6IjQwbDIxeGU1eGZpZTMtQVBMIiwidyI6W3siZm4iOiJlbnZmcXFlMWF5NGsxLUFQTCIsInMiOiIxNCIsInAiOiIxMCwtMTAiLCJhIjoiMCJ9XX0.10vqCqX-j1buDP81e3kr_GcYxdKnwitqwKp2HUYQNZg/image;s=655x491;q=80,https://ireland.apollo.olxcdn.com/v1/files/eyJmbiI6ImZyNWp6ZW5yNTBvaDEtQVBMIiwidyI6W3siZm4iOiJlbnZmcXFlMWF5NGsxLUFQTCIsInMiOiIxNCIsInAiOiIxMCwtMTAiLCJhIjoiMCJ9XX0.joQLkXeKhyDaRQJ9Bjp1-kbJB3C61IPURrIoAC5sIYQ/image;s=655x491;q=80";60.42;4;apartment;;2023;to_completion;garage,garden,lift,terrace,usable_room;ground_floor;gas;primary;sprzedaz;493000;mieszkanie;3;plastic;y;łódzkie;Łódź;Polesie;Zdrowie
64273398;4lGrI;AGENCY;2023-05-30T11:43:12+02:00;2023-08-07T12:55:52+02:00;<p>DZIEŃ POKAZOWY ODBĘDZIE SIĘ 15 LIPCA<br>Zapraszam do zapoznania się z wyjątkową ofertą nieruchomości na sprzedaż <br>Inwestycja Pustynna 43 zlokalizowana jest na osiedlu Rokicie w okolicy ulic Nowe Sady i Obywatelskiej<br>Zapewnia doskonałą mieszankę ciszy spokoju a jednocześnie dogodnej komunikacji<br><br>Oferowany Dwupoziomowy Apartament o powierzchni całkowitej 98,9 z uroczym tarasem i balkonem jest idealny dla rodzin lub osób ceniących przestrzeń i wygodę<br><br>Dodatkowo przypisane do nieruchomości DWA miejsca parkingowe +60 tyś zł są zlokalizowane bezpośrednio pod mieszkaniem dzięki czemu zapewniają wygodę i oszczędność czasu <br>Przed bramą wjazdową duża ilość miejsc parkingowych dla gości<br><br>Układ i przestrzeń mieszkania oferuje wiele możliwości aranżacyjnych <br>Podzielone jest na dwie strefy :<br>DOLNY poziom z kuchnią wc i salonem z balkonem może być idealnym miejscem do spotkań i integracji, gdzie można przyjmować gości i spędzać czas z rodziną<br>GÓRNY poziom natomiast to prywatna strefa mieszkańców, która składa się z :<br><br>-Trzech przytulnych pokoi które można dostosować do własnych potrzeb<br>-Dwóch łazienek zapewniających komfort i wygodę dla wszystkich domowników<br>-Oraz dużego tarasu z widokiem na zachody słońca co niewątpliwie stanowi jeden z głównych atutów mieszkania<br> To idealne miejsce, aby cieszyć się wieczorami, relaksować się i delektować pięknymi widokami<br><br><br>To wyjątkowe mieszkanie łączy w sobie funkcjonalność, komfort i estetykę, tworząc idealne miejsce do życia<br><br><br/>Wszystkie media miejskie a ogrzewanie za pomocą pieca gazowego<br>Dodatkowym atutem jest niska kwota opłat czynszowych wynoszących około 500 zł<br><br> Mieszkanie wymaga niewielkiego odświeżenia, co daje Państwu możliwość dopasowania go do swojego własnego stylu i preferencji<br>To doskonała okazja aby stworzyć swoje wymarzone miejsce do zamieszkania<br><br>Skontaktuj się z nami już teraz, aby umówić się na prezentację i odkryć potencjał tego wyjątkowego mieszkania! <br>DZIEŃ POKAZOWY ODBĘDZIE SIĘ 15 LIPCA</p>;False;637793;meble,balkon,garaż/miejsce parkingowe,taras,dwupoziomowe;Apartament z tarasami i 2 miejscami parkingowymi;ATUT Nieruchomości;FLAT;SELL;51.73117;19.43162;Łódź;Rokicie;ul. Pustynna;;500;;READY_TO_USE;FULL_OWNERSHIP;Pamela Panek;+48500501071;"https://ireland.apollo.olxcdn.com/v1/files/eyJmbiI6InNnZGwxM2U2aGt3aC1BUEwiLCJ3IjpbeyJmbiI6ImVudmZxcWUxYXk0azEtQVBMIiwicyI6IjE0IiwicCI6IjEwLC0xMCIsImEiOiIwIn1dfQ.rVkeGgMFkaGhXAGpLEWjodfWP_eMsZ16ZqSw6yYo-io/image;s=655x491;q=80,https://ireland.apollo.olxcdn.com/v1/files/eyJmbiI6InowZHM4N3AxY2FveDEtQVBMIiwidyI6W3siZm4iOiJlbnZmcXFlMWF5NGsxLUFQTCIsInMiOiIxNCIsInAiOiIxMCwtMTAiLCJhIjoiMCJ9XX0.5aA3m7n8krAe_eoNVnKY_lCr2-Jk9IMQz58TA11QlwM/image;s=655x491;q=80,https://ireland.apollo.olxcdn.com/v1/files/eyJmbiI6InhvNDlsOHkxMWhvdi1BUEwiLCJ3IjpbeyJmbiI6ImVudmZxcWUxYXk0azEtQVBMIiwicyI6IjE0IiwicCI6IjEwLC0xMCIsImEiOiIwIn1dfQ.eackbJsnGOqEjQRD3PTTZSvLUlCaAjhEuGVn13vmqsc/image;s=655x491;q=80,https://ireland.apollo.olxcdn.com/v1/files/eyJmbiI6InR2cGtzaHluNTJodDMtQVBMIiwidyI6W3siZm4iOiJlbnZmcXFlMWF5NGsxLUFQTCIsInMiOiIxNCIsInAiOiIxMCwtMTAiLCJhIjoiMCJ9XX0.GTYAhOgPShIpiqblNJ2l2cVSIR_MzR_v566WI4YnN4Y/image;s=655x491;q=80,https://ireland.apollo.olxcdn.com/v1/files/eyJmbiI6IjAxaXlweDhjMjRoMDMtQVBMIiwidyI6W3siZm4iOiJlbnZmcXFlMWF5NGsxLUFQTCIsInMiOiIxNCIsInAiOiIxMCwtMTAiLCJhIjoiMCJ9XX0.1qM4ia9vWa4vYnR-MJRZuDzp7hmhJcX4pZjd-GtB7Mo/image;s=655x491;q=80,https://ireland.apollo.olxcdn.com/v1/files/eyJmbiI6Imd6bXc5b3UxYnYxbDItQVBMIiwidyI6W3siZm4iOiJlbnZmcXFlMWF5NGsxLUFQTCIsInMiOiIxNCIsInAiOiIxMCwtMTAiLCJhIjoiMCJ9XX0.Duh44rN-t35LAIsN4TzSEvruCHByQBnlXnWy0AR98aY/image;s=655x491;q=80,https://ireland.apollo.olxcdn.com/v1/files/eyJmbiI6ImN3bXVldTA1MmdnZS1BUEwiLCJ3IjpbeyJmbiI6ImVudmZxcWUxYXk0azEtQVBMIiwicyI6IjE0IiwicCI6IjEwLC0xMCIsImEiOiIwIn1dfQ.e_AFt3AOD13zOiZxI-NvYCKCds8yivhZ2IZJ_5OeBF4/image;s=655x491;q=80,https://ireland.apollo.olxcdn.com/v1/files/eyJmbiI6InNlbnp4Y3Bnb3BudTItQVBMIiwidyI6W3siZm4iOiJlbnZmcXFlMWF5NGsxLUFQTCIsInMiOiIxNCIsInAiOiIxMCwtMTAiLCJhIjoiMCJ9XX0.EWfhpQbCstuHuTq6rH4C3K34EWd9Ia6NfOu0SbCpd5A/image;s=655x491;q=80,https://ireland.apollo.olxcdn.com/v1/files/eyJmbiI6Indtem90anJrYjAzZzItQVBMIiwidyI6W3siZm4iOiJlbnZmcXFlMWF5NGsxLUFQTCIsInMiOiIxNCIsInAiOiIxMCwtMTAiLCJhIjoiMCJ9XX0.6EHK5xuqV01E9g4qtBZp09LKWR1Sy0xwYRacPII4tnA/image;s=655x491;q=80,https://ireland.apollo.olxcdn.com/v1/files/eyJmbiI6Imt2bjdyejZ4ZnRkczMtQVBMIiwidyI6W3siZm4iOiJlbnZmcXFlMWF5NGsxLUFQTCIsInMiOiIxNCIsInAiOiIxMCwtMTAiLCJhIjoiMCJ9XX0.hVFaN6S2JaxZ_St21TFJwpkicEtktVVNxoOgBK_CrPk/image;s=655x491;q=80,https://ireland.apollo.olxcdn.com/v1/files/eyJmbiI6Im9zbDFiZ2c2bTE5ZjEtQVBMIiwidyI6W3siZm4iOiJlbnZmcXFlMWF5NGsxLUFQTCIsInMiOiIxNCIsInAiOiIxMCwtMTAiLCJhIjoiMCJ9XX0.SbkvaYg66fmosxXLRnnBCkWYM5E8Vx1c7faiNJFCl54/image;s=655x491;q=80,https://ireland.apollo.olxcdn.com/v1/files/eyJmbiI6ImRmOW5xdTVvNTg2bjItQVBMIiwidyI6W3siZm4iOiJlbnZmcXFlMWF5NGsxLUFQTCIsInMiOiIxNCIsInAiOiIxMCwtMTAiLCJhIjoiMCJ9XX0.KAGjkqTHbvKAfDFFrC8Aydxmq5m12gcUndxxxKdMP2E/image;s=655x491;q=80,https://ireland.apollo.olxcdn.com/v1/files/eyJmbiI6Imw2d2Y4Ynp4cG55bjItQVBMIiwidyI6W3siZm4iOiJlbnZmcXFlMWF5NGsxLUFQTCIsInMiOiIxNCIsInAiOiIxMCwtMTAiLCJhIjoiMCJ9XX0.RhQtdxgvCbW5ExYh8rxvGY67fYM5BMuZoQKpcgs0-Ko/image;s=655x491;q=80,https://ireland.apollo.olxcdn.com/v1/files/eyJmbiI6ImF4aDZwenl1Nmd3OC1BUEwiLCJ3IjpbeyJmbiI6ImVudmZxcWUxYXk0azEtQVBMIiwicyI6IjE0IiwicCI6IjEwLC0xMCIsImEiOiIwIn1dfQ.C7XRMxC_9VjanvFD6_Vfc9hXRCrXXkSXi2Ke8xLZaDw/image;s=655x491;q=80,https://ireland.apollo.olxcdn.com/v1/files/eyJmbiI6ImFqbGZuZmRucTh2ZS1BUEwiLCJ3IjpbeyJmbiI6ImVudmZxcWUxYXk0azEtQVBMIiwicyI6IjE0IiwicCI6IjEwLC0xMCIsImEiOiIwIn1dfQ.qAMiJve2FzJbuGhiIUv95VFkeFKjJMSSEuXrHwGvDQk/image;s=655x491;q=80,https://ireland.apollo.olxcdn.com/v1/files/eyJmbiI6IjBrYzhxbW5samRhaDMtQVBMIiwidyI6W3siZm4iOiJlbnZmcXFlMWF5NGsxLUFQTCIsInMiOiIxNCIsInAiOiIxMCwtMTAiLCJhIjoiMCJ9XX0.I5_i__H34jVEXZOCTHEGBI0qC0VdAAe42m6HJiMnLzE/image;s=655x491;q=80,https://ireland.apollo.olxcdn.com/v1/files/eyJmbiI6InR1YzVkZGloNzVtcDMtQVBMIiwidyI6W3siZm4iOiJlbnZmcXFlMWF5NGsxLUFQTCIsInMiOiIxNCIsInAiOiIxMCwtMTAiLCJhIjoiMCJ9XX0.YThGnWzYX9bP4k-6ZXx1j9LYK9RbSDewvDtM6TdZzf0/image;s=655x491;q=80,https://ireland.apollo.olxcdn.com/v1/files/eyJmbiI6ImV6ZTZtb2RmMmsxdi1BUEwiLCJ3IjpbeyJmbiI6ImVudmZxcWUxYXk0azEtQVBMIiwicyI6IjE0IiwicCI6IjEwLC0xMCIsImEiOiIwIn1dfQ.zCu08yb0Q28AM3Zv3tuy-c7Cwxskzcq5uqjEy6Rnk1Y/image;s=655x491;q=80,https://ireland.apollo.olxcdn.com/v1/files/eyJmbiI6IjZ5eTc3cjg4ZHN1Yi1BUEwiLCJ3IjpbeyJmbiI6ImVudmZxcWUxYXk0azEtQVBMIiwicyI6IjE0IiwicCI6IjEwLC0xMCIsImEiOiIwIn1dfQ.7TTlcKKooK8lGXaH5mF92yntB7U98QenYJsMhPReM0E/image;s=655x491;q=80";98.9;2;;;;ready_to_use;balcony,garage,terrace,two_storey;floor_1;;secondary;sprzedaz;890000;mieszkanie;4;;n;łódzkie;Łódź;Górna;Rokicie
64395472;4mccE;AGENCY;2023-07-06T19:44:55+02:00;2023-08-12T12:33:45+02:00;"<p>Zapraszamy do odkrycia tej uroczej nieruchomości w świetnej lokalizacji, usytuowanej w sercu Łodzi - w dzielnicy Julianów. (Ul. Liściasta), z widokiem na staw ,,Zgierska"".</p>
<p></p>
<p>To urokliwe mieszkanie składa się z dwóch przestronnych pokoi, kuchni oraz łazienki z osobnym WC, co zapewnia maksymalny komfort dla Twojej rodziny. Całkowita powierzchnia 54 m.kw. daje wystarczająco dużo miejsca do cieszenia się swoim prywatnym azylem.</p>
<p></p>
<p>Lokalizacja tego mieszkania to prawdziwy atut. Dobrze skomunikowane względem Centrum Łodzi, dzięki bliskości przystanku tramwajowego (ok. 150 m) i autobusowego (ok. 200 m), umożliwi Ci szybkie i wygodne podróżowanie po całym mieście. Ponadto, możliwość skorzystania z bezpiecznego kredytu w wysokości 2% ułatwi Ci finalizację zakupu tego wymarzonego miejsca.</p>
<p></p>
<p>Dodatkowo, do mieszkania przynależy komórka lokatorska, co pozwoli Ci na przechowywanie dodatkowych rzeczy, bez konieczności zagrażania przestrzeni wewnątrz mieszkania.</p>
<p></p>
<p>To mieszkanie jest gotowe do wprowadzenia! Nie musisz się martwić o długotrwałe remonty czy prace naprawcze - możesz od razu poczuć się jak w domu.</p>
<p></p>
<p>Nie zwlekaj dłużej i zadzwoń już teraz, aby dowiedzieć się więcej na temat tej wyjątkowej oferty. Ta nieruchomość szybko może znaleźć swojego szczęśliwego właściciela - być może Ciebie!</p>";False;;telewizja kablowa,internet,telefon,drzwi / okna antywłamaniowe,domofon / wideofon,lodówka,meble,piekarnik,kuchenka,pralka,balkon;Mieszkanie marzeń w sercu Łodzi! z Kredytem 2%!;Metrohouse Zgierz;FLAT;SELL;51.80595919982896;19.438003316113267;Łódź;Julianów;;;590;;READY_TO_USE;FULL_OWNERSHIP;Kamil Kołodziejczak;+48797001970;"https://ireland.apollo.olxcdn.com/v1/files/eyJmbiI6IjIxMzE0MHhzamR0aDMtQVBMIiwidyI6W3siZm4iOiJlbnZmcXFlMWF5NGsxLUFQTCIsInMiOiIxNCIsInAiOiIxMCwtMTAiLCJhIjoiMCJ9XX0.NFpMd9POXOw9qj0iIpeagp-IAArEC6R_dvHz2o8zgYM/image;s=655x491;q=80,https://ireland.apollo.olxcdn.com/v1/files/eyJmbiI6IjJ1Zjhxd3M4YXlzNi1BUEwiLCJ3IjpbeyJmbiI6ImVudmZxcWUxYXk0azEtQVBMIiwicyI6IjE0IiwicCI6IjEwLC0xMCIsImEiOiIwIn1dfQ.aspRDSFEqVbisZ-vUnhRUY6iBdI0Beh6cVlHzIIybQ0/image;s=655x491;q=80,https://ireland.apollo.olxcdn.com/v1/files/eyJmbiI6Ink2eDZ2cHl3N2R0OC1BUEwiLCJ3IjpbeyJmbiI6ImVudmZxcWUxYXk0azEtQVBMIiwicyI6IjE0IiwicCI6IjEwLC0xMCIsImEiOiIwIn1dfQ.vs-2-kHXItlIFcPh3R2-i_QsCxmwTqwiHkuAnT3gkH4/image;s=655x491;q=80,https://ireland.apollo.olxcdn.com/v1/files/eyJmbiI6Im9oNTVobTdzOGJrbDMtQVBMIiwidyI6W3siZm4iOiJlbnZmcXFlMWF5NGsxLUFQTCIsInMiOiIxNCIsInAiOiIxMCwtMTAiLCJhIjoiMCJ9XX0.SoiomlGlrbHUkoVcY1_F4crFemsOCjzrOdvc9j0A1zg/image;s=655x491;q=80,https://ireland.apollo.olxcdn.com/v1/files/eyJmbiI6Im4xNWNiZnQxcmJycS1BUEwiLCJ3IjpbeyJmbiI6ImVudmZxcWUxYXk0azEtQVBMIiwicyI6IjE0IiwicCI6IjEwLC0xMCIsImEiOiIwIn1dfQ.2yWQ2RStMHre1c26G8L7VD6WbdRagyAhk_C0ZzmavpQ/image;s=655x491;q=80,https://ireland.apollo.olxcdn.com/v1/files/eyJmbiI6Im8zMzRsYjZmdXp1NzEtQVBMIiwidyI6W3siZm4iOiJlbnZmcXFlMWF5NGsxLUFQTCIsInMiOiIxNCIsInAiOiIxMCwtMTAiLCJhIjoiMCJ9XX0.Gw7Jd1rk7_VmNO_15RWMKwdaS3R0wgdKm0Zx6y1-ZL0/image;s=655x491;q=80,https://ireland.apollo.olxcdn.com/v1/files/eyJmbiI6InljNmUyMWswNGtleC1BUEwiLCJ3IjpbeyJmbiI6ImVudmZxcWUxYXk0azEtQVBMIiwicyI6IjE0IiwicCI6IjEwLC0xMCIsImEiOiIwIn1dfQ.6CCVofGfdD1D4MdisSU9l95oqN4u4gyAOCm74ueFmEk/image;s=655x491;q=80,https://ireland.apollo.olxcdn.com/v1/files/eyJmbiI6ImFwNjNzMW80bHUzdDEtQVBMIiwidyI6W3siZm4iOiJlbnZmcXFlMWF5NGsxLUFQTCIsInMiOiIxNCIsInAiOiIxMCwtMTAiLCJhIjoiMCJ9XX0.M0wDLpvVABlF25AGjFJGm54u6deDPFePyLsrvTzgCkg/image;s=655x491;q=80,https://ireland.apollo.olxcdn.com/v1/files/eyJmbiI6ImlicWh0M3N5czQyazMtQVBMIiwidyI6W3siZm4iOiJlbnZmcXFlMWF5NGsxLUFQTCIsInMiOiIxNCIsInAiOiIxMCwtMTAiLCJhIjoiMCJ9XX0.dmHJUhGEctruefGsS0OF3Nr_iHaY6PKUQSZ7PnKgStA/image;s=655x491;q=80,https://ireland.apollo.olxcdn.com/v1/files/eyJmbiI6Impwa2R1MnhrZmhpbzEtQVBMIiwidyI6W3siZm4iOiJlbnZmcXFlMWF5NGsxLUFQTCIsInMiOiIxNCIsInAiOiIxMCwtMTAiLCJhIjoiMCJ9XX0.1lJVYD_EslRyD2qriH9dwvHfPTWLzpA-S--zUZmTpgU/image;s=655x491;q=80,https://ireland.apollo.olxcdn.com/v1/files/eyJmbiI6InBvM296Y2Z4NGF4YjItQVBMIiwidyI6W3siZm4iOiJlbnZmcXFlMWF5NGsxLUFQTCIsInMiOiIxNCIsInAiOiIxMCwtMTAiLCJhIjoiMCJ9XX0.J1N6TY9nhjR5WTlRvfbyjOuJHNaKfyT1NQcMWwXhbJM/image;s=655x491;q=80,https://ireland.apollo.olxcdn.com/v1/files/eyJmbiI6Ijg5bms1czFreDM3My1BUEwiLCJ3IjpbeyJmbiI6ImVudmZxcWUxYXk0azEtQVBMIiwicyI6IjE0IiwicCI6IjEwLC0xMCIsImEiOiIwIn1dfQ.5Jtr2eXYqscXRTHxPGfLRb0xpsYWhk34yhFaW4Rh-yw/image;s=655x491;q=80,https://ireland.apollo.olxcdn.com/v1/files/eyJmbiI6ImIyNXRjZTloeGVxNDEtQVBMIiwidyI6W3siZm4iOiJlbnZmcXFlMWF5NGsxLUFQTCIsInMiOiIxNCIsInAiOiIxMCwtMTAiLCJhIjoiMCJ9XX0.OWDK-jH7Ql5qW3q8zuFWZezcdQGY4iOXx4j1ZjgeHi4/image;s=655x491;q=80";54;4;block;breezeblock;1990;ready_to_use;balcony;floor_4;urban;secondary;sprzedaz;430000;mieszkanie;2;wooden;n;łódzkie;Łódź;Bałuty;Julianów
64424087;4mjEb;AGENCY;2023-07-17T12:08:40+02:00;2023-07-21T12:11:37+02:00;"<p>Na sprzedaż przedstawiamy Państwu M3 zlokalizowane na łódzkim Radogoszczu przy ul. Świtezianki 21.<br/><br/>Mieszkanie znajduje się na 3 piętrze 4-ro kondygnacyjnego bloku. Metraż to 54,9 m2 i składają się na niego:<br/>- przestronny przedpokój, w którym jest miejsce m.in. na pojemną szafę,<br/>- pokój dzienny,<br/>- kuchnia - oddzielna, widna i na tyle duża, że można ją przerobić na dodatkowy pokój,<br/>- sypialnia,<br/>- łazienka, w której mieści się wanna,<br/>- oddzielna toaleta,<br/>- dużym atutem jest balkon, stanowiący dodatkową przestrzeń, który jest idealnym miejscem dla osób lubiących się opalać - spokojnie zmieści się na nim leżak lub meble ogrodowe.<br/><br/>Z klatki schodowej wchodzi się przez wewnętrzny korytarz, prowadzący do trzech mieszkań, który jest dodatkową przestrzenią. Do mieszkania przynależy również komórka lokatorska.<br/><br/>Dla mieszkańców tego bloku dostępne są miejsca parkingowego pod budynkiem - wjazd otwierany jest z pilota przez szlaban.<br/><br/>Czynsz wynosi około 670 zł.<br/>Stan prawny: odrębna własność, z ""czystą"" Księgą Wieczystą, bez zadłużeń.<br/><br/>Ten adres zapewnia doskonałą komunikację - zarówno autobusem (kilka przystanków w bardzo bliskiej odległości), jak i tramwajem - przystanki przy ul. Zgierskiej, a bliskość stacji kolejowej Łódź Radogoszcz Wschód również pociągiem.<br/><br/>W pobliżu wszystko czego potrzeba do życia.<br/>Niewątpliwym ATUTEM jest mnóstwo miejsc wokół dla osób lubiących spacery czy wycieczki rowerowe - zaczynając od parków tuż przy bloku, poprzez Las Okręglik jak i Arturówek, w którym jest wiele atrakcji.<br/><br/>Świetne mieszkanie poleca się do zakupu :)<br/>Jeśli masz dodatkowe pytania zapraszam do kontaktu:<br/>Patrycja Bednarek<br/>532 900 222<br/>Proszę o kontakt w celu umówienia prezentacji.<br/><br/>Pomagamy również w uzyskiwaniu kredytu na zakup nieruchomości.<br/>Jeśli zakup wiąże się dla Ciebie ze sprzedażą innej nieruchomości - zadzwoń, chętnie porozmawiamy o transakcji wiązanej.<br/><br/>Powyższy opis mieszkania nie jest ofertą w rozumieniu kodeksu cywilnego. Dane o ofercie według informacji zgłaszającego - mogą odbiegać od stanu faktycznego. Biuro nie ponosi odpowiedzialności za niezgodność danych z rzeczywistością.</p>";False;;telewizja kablowa,internet,domofon / wideofon,lodówka,meble,piekarnik,kuchenka,pralka,balkon,piwnica,oddzielna kuchnia;Mieszkanie na Radogoszczu - wyremontuj po swojemu;ATUT Nieruchomości;FLAT;SELL;51.824006;19.4372419;Łódź;Radogoszcz;ul. Świtezianki;;670;;TO_RENOVATION;FULL_OWNERSHIP;Patrycja Bednarek;+48532900222;"https://ireland.apollo.olxcdn.com/v1/files/eyJmbiI6IjZpODl3Nmc5eHlwNTItQVBMIiwidyI6W3siZm4iOiJlbnZmcXFlMWF5NGsxLUFQTCIsInMiOiIxNCIsInAiOiIxMCwtMTAiLCJhIjoiMCJ9XX0.z6WnQmfpz1aNoseFmAkSdsjCOuXepHqC2DSS-MPaQIA/image;s=655x491;q=80,https://ireland.apollo.olxcdn.com/v1/files/eyJmbiI6IjBmdm85MW1idWI2ay1BUEwiLCJ3IjpbeyJmbiI6ImVudmZxcWUxYXk0azEtQVBMIiwicyI6IjE0IiwicCI6IjEwLC0xMCIsImEiOiIwIn1dfQ.bxNe5xwpkjp8BlGh9gUFDfOAp7JOm39eb1Ctv3zCW8w/image;s=655x491;q=80,https://ireland.apollo.olxcdn.com/v1/files/eyJmbiI6Imoxb2I0NDZ4dmx3cDItQVBMIiwidyI6W3siZm4iOiJlbnZmcXFlMWF5NGsxLUFQTCIsInMiOiIxNCIsInAiOiIxMCwtMTAiLCJhIjoiMCJ9XX0.GgmOUeDTBAy9QZd9-_A39qwwjMVxzWQJ3wORN8vplpg/image;s=655x491;q=80,https://ireland.apollo.olxcdn.com/v1/files/eyJmbiI6IjdzdzhxZGdieW1lcDMtQVBMIiwidyI6W3siZm4iOiJlbnZmcXFlMWF5NGsxLUFQTCIsInMiOiIxNCIsInAiOiIxMCwtMTAiLCJhIjoiMCJ9XX0.8jmF-0MUNYFPZBkdXBvtHCcmP7DIyrPWf_JuaEsG5ww/image;s=655x491;q=80,https://ireland.apollo.olxcdn.com/v1/files/eyJmbiI6ImQyc3FvNnVrOTZiNi1BUEwiLCJ3IjpbeyJmbiI6ImVudmZxcWUxYXk0azEtQVBMIiwicyI6IjE0IiwicCI6IjEwLC0xMCIsImEiOiIwIn1dfQ.Bi4YjcMDuVf4QuzS3KbHcZ86veEnlVs_pO1kDgNeLEo/image;s=655x491;q=80,https://ireland.apollo.olxcdn.com/v1/files/eyJmbiI6InR4eWFybXJqMjBwNDItQVBMIiwidyI6W3siZm4iOiJlbnZmcXFlMWF5NGsxLUFQTCIsInMiOiIxNCIsInAiOiIxMCwtMTAiLCJhIjoiMCJ9XX0.bKg3WRxHEV20ksX0oLSoolXhS7dLGYfCg6iaR9nR1uE/image;s=655x491;q=80,https://ireland.apollo.olxcdn.com/v1/files/eyJmbiI6InVtdG1tejJwbG1kNS1BUEwiLCJ3IjpbeyJmbiI6ImVudmZxcWUxYXk0azEtQVBMIiwicyI6IjE0IiwicCI6IjEwLC0xMCIsImEiOiIwIn1dfQ.0M9xsxcdrXRzUyFdTAXxdQ-XpOAdhq0eMszkVJzlEko/image;s=655x491;q=80,https://ireland.apollo.olxcdn.com/v1/files/eyJmbiI6IjZyaDh4am12MXdlNjMtQVBMIiwidyI6W3siZm4iOiJlbnZmcXFlMWF5NGsxLUFQTCIsInMiOiIxNCIsInAiOiIxMCwtMTAiLCJhIjoiMCJ9XX0.Hl5BdXa4ApHpykZ1Jx2YJb8jrWmSJbd7kWW8MTVdGPA/image;s=655x491;q=80,https://ireland.apollo.olxcdn.com/v1/files/eyJmbiI6ImI0MmQwZWt6bTdwcC1BUEwiLCJ3IjpbeyJmbiI6ImVudmZxcWUxYXk0azEtQVBMIiwicyI6IjE0IiwicCI6IjEwLC0xMCIsImEiOiIwIn1dfQ.iiMXvUKSBPDjZZJH0-2T9UHucezu-48yGe8FZrHOciU/image;s=655x491;q=80,https://ireland.apollo.olxcdn.com/v1/files/eyJmbiI6Im1nYTAwazNoZ3RjaDEtQVBMIiwidyI6W3siZm4iOiJlbnZmcXFlMWF5NGsxLUFQTCIsInMiOiIxNCIsInAiOiIxMCwtMTAiLCJhIjoiMCJ9XX0.m3zWT6uUeq7JDOq6He92LQLrzJ0niLFlS9JovUzClMw/image;s=655x491;q=80,https://ireland.apollo.olxcdn.com/v1/files/eyJmbiI6IndkY2RuOG10NWcwaTItQVBMIiwidyI6W3siZm4iOiJlbnZmcXFlMWF5NGsxLUFQTCIsInMiOiIxNCIsInAiOiIxMCwtMTAiLCJhIjoiMCJ9XX0.tR1VbmKVXaPkWHf9LVqmXFVac6YThG6HyjSrJgtgN_M/image;s=655x491;q=80,https://ireland.apollo.olxcdn.com/v1/files/eyJmbiI6ImZrZmxyYWVhNXZ1ZjEtQVBMIiwidyI6W3siZm4iOiJlbnZmcXFlMWF5NGsxLUFQTCIsInMiOiIxNCIsInAiOiIxMCwtMTAiLCJhIjoiMCJ9XX0.klK3SNBMqQxDxkzwrpokYf_Gljw3HLuTyyDdlpSq0x0/image;s=655x491;q=80,https://ireland.apollo.olxcdn.com/v1/files/eyJmbiI6Im1xMndvNnhseHJrejEtQVBMIiwidyI6W3siZm4iOiJlbnZmcXFlMWF5NGsxLUFQTCIsInMiOiIxNCIsInAiOiIxMCwtMTAiLCJhIjoiMCJ9XX0.d74zeibARzKahfCXZ4ZuQ4rmZdHdDm69sBePVZr03VI/image;s=655x491;q=80,https://ireland.apollo.olxcdn.com/v1/files/eyJmbiI6InlwdXBqNDFqOGpkczItQVBMIiwidyI6W3siZm4iOiJlbnZmcXFlMWF5NGsxLUFQTCIsInMiOiIxNCIsInAiOiIxMCwtMTAiLCJhIjoiMCJ9XX0.sdGSDRUyeg3f9lSVJVQuMQreO1HGqSO5iaeDk6Nu6Mk/image;s=655x491;q=80,https://ireland.apollo.olxcdn.com/v1/files/eyJmbiI6InNwcXc2Mmwxc2c3azItQVBMIiwidyI6W3siZm4iOiJlbnZmcXFlMWF5NGsxLUFQTCIsInMiOiIxNCIsInAiOiIxMCwtMTAiLCJhIjoiMCJ9XX0.JvJkaUQkp9XNnZV3SaAgLWmmgracuUs7t4uHICGlATg/image;s=655x491;q=80,https://ireland.apollo.olxcdn.com/v1/files/eyJmbiI6IjZ3NjY3cjQ4djl1NzEtQVBMIiwidyI6W3siZm4iOiJlbnZmcXFlMWF5NGsxLUFQTCIsInMiOiIxNCIsInAiOiIxMCwtMTAiLCJhIjoiMCJ9XX0.ONx0C2kH7v-5VTt1qDcRUr6INIzESN5aqmYR8X5E6uY/image;s=655x491;q=80";54.9;4;block;concrete_plate;1992;to_renovation;balcony,basement,separate_kitchen;floor_3;urban;secondary;sprzedaz;334700;mieszkanie;2;wooden;n;łódzkie;Łódź;Bałuty;Radogoszcz
64284189;4lJfL;AGENCY;2023-06-01T22:40:07+02:00;2023-08-03T05:45:29+02:00;<p>Pragnę przedstawić Państwu klimatyczne mieszkanie czteropokojowe zlokalizowane przy ul. Próchnika. <br><br>Mieszkanie mieści się na 1 piętrze kamienicy, co jest zdecydowanym atutem.<br><br>Na metraż 82,20 m2 składają się:<br>- przedpokój<br>- salon<br>- 3 pokoje<br>- kuchnia<br>- garderoba<br>- wc<br>- łazienka<br>Dodatkowymi przestrzeniami są balkon, na który wychodzi się z salonu, oraz 2 komórki w piwnicy.<br><br>Media: budynek korzysta z centralnego ogrzewania, ciepła woda z sieci miejskiej, gaz.<br>Wewnątrz znajdują się 2 piece, jeden obecnie pełni rolę ozdobną.<br><br>Lokalizacja zapewnia dogodny dojazd do każdej części miasta.<br>W bliskiej odległości znajduje się Park Staromiejski, Manufaktura oraz liczne punkty handlowo-usługowe. Do ul. Piotrkowskiej zaledwie 650 m, do Galerii Łódzkiej 3 km.<br><br>Nieruchomość nadaje się do wprowadzenia/odświeżenia, nie ma potrzeby remontowania kuchni czy łazienki.<br><br>Czynsz przy 4 osobach wynosi 996 zł wliczając w to: centralne ogrzewanie, podgrzanie wody, wywóz i segregację nieczystości, fundusz remontowy, zimną wodę i odprowadzenie ścieków, moc zamówioną (czyli opłaty stałej, zależnej od zapotrzebowania budynku na moc cieplną), zaliczkę na utrzymanie części wspólnych nieruchomości.<br><br>W celu umówienia się na prezentację proszę o kontakt: 532 900 222<br><br>Powyższy opis nie jest ofertą w rozumieniu kodeksu cywilnego. Dane o ofercie według informacji zgłaszającego - mogą odbiegać od stanu faktycznego. Biuro nie ponosi odpowiedzialności za niezgodność danych z rzeczywistością.</p>;False;558162;drzwi / okna antywłamaniowe,domofon / wideofon,meble,balkon,garaż/miejsce parkingowe,pom. użytkowe;Mieszkanie w centrum Łodzi k/ Manufaktury 4 pokoje;ATUT Nieruchomości;FLAT;SELL;51.77376;19.44575;Łódź;Polesie;ul. Adama Próchnika;;996;;READY_TO_USE;FULL_OWNERSHIP;Patrycja Bednarek;+48532900222;"https://ireland.apollo.olxcdn.com/v1/files/eyJmbiI6InV3NnN6b2RvNHR5Ny1BUEwiLCJ3IjpbeyJmbiI6ImVudmZxcWUxYXk0azEtQVBMIiwicyI6IjE0IiwicCI6IjEwLC0xMCIsImEiOiIwIn1dfQ.K-45eYLB5Ii0bYEerOElJN1rn91YEsMT6gcWGznLOEc/image;s=655x491;q=80,https://ireland.apollo.olxcdn.com/v1/files/eyJmbiI6ImgzbGR5bmt3ZzQ2Zi1BUEwiLCJ3IjpbeyJmbiI6ImVudmZxcWUxYXk0azEtQVBMIiwicyI6IjE0IiwicCI6IjEwLC0xMCIsImEiOiIwIn1dfQ.r5iosjDs9uVHnkZQSM9brjeETqEWGcZQuNAaBtzz3VE/image;s=655x491;q=80,https://ireland.apollo.olxcdn.com/v1/files/eyJmbiI6ImtmYXlwYzg3NmdqYzItQVBMIiwidyI6W3siZm4iOiJlbnZmcXFlMWF5NGsxLUFQTCIsInMiOiIxNCIsInAiOiIxMCwtMTAiLCJhIjoiMCJ9XX0.UIpwnjbCgv9MqV4_rr-XvzWCDZ4QhZqph05CrxzwFiE/image;s=655x491;q=80,https://ireland.apollo.olxcdn.com/v1/files/eyJmbiI6IjhjOXE2aXpoZWJ4cDItQVBMIiwidyI6W3siZm4iOiJlbnZmcXFlMWF5NGsxLUFQTCIsInMiOiIxNCIsInAiOiIxMCwtMTAiLCJhIjoiMCJ9XX0.aS2Yt2Wn5HlRO21wgCudpG79LvTzavx-SsoXafb2PSs/image;s=655x491;q=80,https://ireland.apollo.olxcdn.com/v1/files/eyJmbiI6ImQ4bDFwanM2OWZvejItQVBMIiwidyI6W3siZm4iOiJlbnZmcXFlMWF5NGsxLUFQTCIsInMiOiIxNCIsInAiOiIxMCwtMTAiLCJhIjoiMCJ9XX0.qZ9kp_u4RVDSiENOoMcB2VxWbP5dYQKgzTXYuOcIeS0/image;s=655x491;q=80,https://ireland.apollo.olxcdn.com/v1/files/eyJmbiI6InRyejJvM3k1bTJrbS1BUEwiLCJ3IjpbeyJmbiI6ImVudmZxcWUxYXk0azEtQVBMIiwicyI6IjE0IiwicCI6IjEwLC0xMCIsImEiOiIwIn1dfQ.yo0sM3a700VcmeZ_xLPcmb500rjGvbItEl_40-IUobc/image;s=655x491;q=80,https://ireland.apollo.olxcdn.com/v1/files/eyJmbiI6IjI4YTdmamUxN2IxbzMtQVBMIiwidyI6W3siZm4iOiJlbnZmcXFlMWF5NGsxLUFQTCIsInMiOiIxNCIsInAiOiIxMCwtMTAiLCJhIjoiMCJ9XX0.KQuBw7ca6XkbWc5eR5I-jQUtxij9aCQYNGvzQPv121s/image;s=655x491;q=80,https://ireland.apollo.olxcdn.com/v1/files/eyJmbiI6IjM1NzdmcXllYXdiajMtQVBMIiwidyI6W3siZm4iOiJlbnZmcXFlMWF5NGsxLUFQTCIsInMiOiIxNCIsInAiOiIxMCwtMTAiLCJhIjoiMCJ9XX0.Hveye1sG2XEa8fZd6Y3gdbtqn26wwlNXLjNwWzPufiM/image;s=655x491;q=80,https://ireland.apollo.olxcdn.com/v1/files/eyJmbiI6Imw3cXdqbTZ3OHJ1dDEtQVBMIiwidyI6W3siZm4iOiJlbnZmcXFlMWF5NGsxLUFQTCIsInMiOiIxNCIsInAiOiIxMCwtMTAiLCJhIjoiMCJ9XX0.xc4_Hh1P7en9_nsaIpht3b0B0WemLsZWJFzMiNhJBX8/image;s=655x491;q=80,https://ireland.apollo.olxcdn.com/v1/files/eyJmbiI6Inloc2JpZTU2aGVvNTMtQVBMIiwidyI6W3siZm4iOiJlbnZmcXFlMWF5NGsxLUFQTCIsInMiOiIxNCIsInAiOiIxMCwtMTAiLCJhIjoiMCJ9XX0.Y84VICEz47LCT4bl6Ei1rzRAnOqx4n4K9-B_GPIn3aA/image;s=655x491;q=80,https://ireland.apollo.olxcdn.com/v1/files/eyJmbiI6ImJneXM4NGx6Y3VieC1BUEwiLCJ3IjpbeyJmbiI6ImVudmZxcWUxYXk0azEtQVBMIiwicyI6IjE0IiwicCI6IjEwLC0xMCIsImEiOiIwIn1dfQ.QHavogQFKJ1T2wMt6Z1SkZM52_VuTuAUKV553n8_E6E/image;s=655x491;q=80,https://ireland.apollo.olxcdn.com/v1/files/eyJmbiI6Im8wYmVvZzFsdGNqdTEtQVBMIiwidyI6W3siZm4iOiJlbnZmcXFlMWF5NGsxLUFQTCIsInMiOiIxNCIsInAiOiIxMCwtMTAiLCJhIjoiMCJ9XX0.95WW3Ftb9hOSx2pzYMx09c8RrTGUEKruPRj5fcRXMVg/image;s=655x491;q=80,https://ireland.apollo.olxcdn.com/v1/files/eyJmbiI6IjVjNjlmbjd0YzF3djMtQVBMIiwidyI6W3siZm4iOiJlbnZmcXFlMWF5NGsxLUFQTCIsInMiOiIxNCIsInAiOiIxMCwtMTAiLCJhIjoiMCJ9XX0.WwdyzcbpLj4gkBMqMPyObdZHe3it0-TaxlxFNl4dNM4/image;s=655x491;q=80,https://ireland.apollo.olxcdn.com/v1/files/eyJmbiI6InFrMjJhbzRuOWtkOTItQVBMIiwidyI6W3siZm4iOiJlbnZmcXFlMWF5NGsxLUFQTCIsInMiOiIxNCIsInAiOiIxMCwtMTAiLCJhIjoiMCJ9XX0.FUGu89IefD98Ee4ZVYSQF0r0Yqz3q7YwOklhGC-P0yg/image;s=655x491;q=80,https://ireland.apollo.olxcdn.com/v1/files/eyJmbiI6IjNhb3RrNGR4djJ2dDEtQVBMIiwidyI6W3siZm4iOiJlbnZmcXFlMWF5NGsxLUFQTCIsInMiOiIxNCIsInAiOiIxMCwtMTAiLCJhIjoiMCJ9XX0.MBWMyaM0eVXLvw9SYaO03ZI4vq6SkJh1PT3S0u25Hnc/image;s=655x491;q=80,https://ireland.apollo.olxcdn.com/v1/files/eyJmbiI6InF6cDE0M3B4M3ozMjMtQVBMIiwidyI6W3siZm4iOiJlbnZmcXFlMWF5NGsxLUFQTCIsInMiOiIxNCIsInAiOiIxMCwtMTAiLCJhIjoiMCJ9XX0.2_PoBBam7wCXg0u7w7IgUHOx7bHCAtRWR7MCWzTcexY/image;s=655x491;q=80";82.2;3;tenement;brick;1870;ready_to_use;balcony,garage,usable_room;floor_1;urban;secondary;sprzedaz;467000;mieszkanie;4;plastic;n;łódzkie;Łódź;Polesie;Stare Polesie
64306197;4lOYJ;AGENCY;2023-06-09T12:43:30+02:00;2023-08-11T14:20:13+02:00;"<p>Rokicie. Większa, funkcjonalna kawalerka z balkonem</p>
<p>Podana cena do symbolicznej negocjacji.<br/>BUDYNEK: Wieżowiec z lat 70-tych, ocieplony, odmalowany. Nowa kabina windy; nie ma zsypu<br/>ROZKŁAD: jednostronne na zachód; przejście przez pokój do częściowo otwartej kuchni<br/>ŚRODK./SZCZYT.: środkowe<br/>BALKON/LOGGIA: loggia na szerokość pokoju ok 3 m 2, na podłodze terakota. Szeroki widok na panoramę Łodzi</p>
<p>- PRZEDPOKÓJ: niewielki, z miejscem na wieszak, szafkę na buty, pawlacz. Na podłodze terakota, ściany wyłożone panelami ściennymi<br/>- I POKÓJ: ok 22 m 2 z wnęką 6 m 2. Wnęka oddzielona od części dziennej przesuwanymi drzwiami, wykończonymi od strony pokoju tak jak ściany. We wnęce zabudowana pojemna szafa, miejsce na łóżko<br/>Na podłodze mozaika parkietowa do odświeżenia. Wokół okna balkonowego zabudowane praktyczne półki na książki, dokumenty domowe itp.</p>
<p>- KUCHNIA: ok 7 m 2 częściowo otwarta na pokój. Na ścianach elementy glazury, na podłodze terakota. Na tyłach kuchni bardzo pojemna spiżarnia oddzielona przesuwanymi drzwiami<br/>W kuchni zostaje zmywarka, pozostawienie lodówki i kuchenki gazowej - do ustalenia</p>
<p>- ANEKS: na ścianie pomiędzy pokojem i kuchnią pomysłowe ""okienko podawcze"". <br/>- ŁAZIENKA: ok. 3 m 2 razem z wc, wykończona ceramiką. Wanna narożna, miejsce na pralkę</p>
<p>MEDIA: miejskie, wodomierze, ciepło bez opomiarowania<br/>OKNA/DRZWI: drzwi wejściowe wymienione; okna pcv z roletami wewnętrznymi chroniącymi od nadmiaru słońca<br/>MIEJSCE DLA SAMOCH.: pod blokiem<br/>CZAS OPUSZCZENIA: do końca sierpnia br.<br/>OPŁATY: 450 zł przy jednej zameldowanej osobie, w tym zaliczki na c.o. i wodę</p>
<p>PRZEZNACZENIE: wygodne mieszkanie dla jednej osoby, świetna oferta inwestycyjna pod kątem wynajmowania - blisko Politechnika Łódzka, Szpital im. M. Kopernika, niedaleko Port Łódź<br/>Świetna lokalizacja: blok odsunięty od ruchliwych ulic; dobra komunikacja: w zasięgu spaceru Rondo Lotników Lwowskich, wyjazd do tras szybkiego ruchu, bogate zaplecze handlowo - usługowe i edukacyjne<br/>Pośrednik Elżbieta 501 579 748; 42 633 75 51<br/>Lic F PPRN nr 484</p>";False;SLLDA15210;internet,drzwi / okna antywłamaniowe,domofon / wideofon,zmywarka,meble,balkon,piwnica,winda;NOWA CENA! Rokicie Funkcjonalna kawalerka na 10 p;Real Nieruchomości;FLAT;SELL;51.7764;19.42872;Łódź;Górna;;;450;;READY_TO_USE;FULL_OWNERSHIP;Elżbieta Daszkiewicz;+48501579748;"https://ireland.apollo.olxcdn.com/v1/files/eyJmbiI6ImhrdGhtNmpvYWxwaTMtQVBMIiwidyI6W3siZm4iOiJlbnZmcXFlMWF5NGsxLUFQTCIsInMiOiIxNCIsInAiOiIxMCwtMTAiLCJhIjoiMCJ9XX0.y79fAwA7OaoJfIldpY2vYR6604DQJxldoOGZK-XC0iY/image;s=655x491;q=80,https://ireland.apollo.olxcdn.com/v1/files/eyJmbiI6InRoOXA0aGVuOTVieTItQVBMIiwidyI6W3siZm4iOiJlbnZmcXFlMWF5NGsxLUFQTCIsInMiOiIxNCIsInAiOiIxMCwtMTAiLCJhIjoiMCJ9XX0.tSULnjOF7I9U2WfjojOoJFCkFrtnv1_wfeST5kGrx_o/image;s=655x491;q=80,https://ireland.apollo.olxcdn.com/v1/files/eyJmbiI6IjYwdnBnbXV1cTZ6NDItQVBMIiwidyI6W3siZm4iOiJlbnZmcXFlMWF5NGsxLUFQTCIsInMiOiIxNCIsInAiOiIxMCwtMTAiLCJhIjoiMCJ9XX0.LgV8GXs-rzknIz1puhkpaD0AV9cu8mEiEF-gPfeNLtY/image;s=655x491;q=80,https://ireland.apollo.olxcdn.com/v1/files/eyJmbiI6IjhhMXc3c3M4YWh5ajItQVBMIiwidyI6W3siZm4iOiJlbnZmcXFlMWF5NGsxLUFQTCIsInMiOiIxNCIsInAiOiIxMCwtMTAiLCJhIjoiMCJ9XX0.Y0_Imv5q5XrgpRhoVRpVBj_Xlrz7d3NHj5MseTmFBms/image;s=655x491;q=80,https://ireland.apollo.olxcdn.com/v1/files/eyJmbiI6Ijk4NjMwbWphdmE4djMtQVBMIiwidyI6W3siZm4iOiJlbnZmcXFlMWF5NGsxLUFQTCIsInMiOiIxNCIsInAiOiIxMCwtMTAiLCJhIjoiMCJ9XX0.g8WQ8D531hqbKONcJYomCYxS1PsRoLrXbaeXDMvWUL0/image;s=655x491;q=80,https://ireland.apollo.olxcdn.com/v1/files/eyJmbiI6Imk5c2RycWhza2V4azEtQVBMIiwidyI6W3siZm4iOiJlbnZmcXFlMWF5NGsxLUFQTCIsInMiOiIxNCIsInAiOiIxMCwtMTAiLCJhIjoiMCJ9XX0.m94gQUk7fntvqWrRuHzG8S24mzf2dglGFk1nq76dpCA/image;s=655x491;q=80,https://ireland.apollo.olxcdn.com/v1/files/eyJmbiI6InhiZDZzaTQxcjA2LUFQTCIsInciOlt7ImZuIjoiZW52ZnFxZTFheTRrMS1BUEwiLCJzIjoiMTQiLCJwIjoiMTAsLTEwIiwiYSI6IjAifV19.w9nJ46u82oB9Jao2u4GQFgNsACy1NpH-IA3DSK89PHc/image;s=655x491;q=80,https://ireland.apollo.olxcdn.com/v1/files/eyJmbiI6Im1maTdiZTRoZTA0YS1BUEwiLCJ3IjpbeyJmbiI6ImVudmZxcWUxYXk0azEtQVBMIiwicyI6IjE0IiwicCI6IjEwLC0xMCIsImEiOiIwIn1dfQ.PyHqqbrfFu3Mk5G3b174yjh6ws1ETKcnGSrDwSsRu3k/image;s=655x491;q=80,https://ireland.apollo.olxcdn.com/v1/files/eyJmbiI6ImJrc2picWs4cDBqaTMtQVBMIiwidyI6W3siZm4iOiJlbnZmcXFlMWF5NGsxLUFQTCIsInMiOiIxNCIsInAiOiIxMCwtMTAiLCJhIjoiMCJ9XX0.Nbv_kV1ZWxhejioEy1DnaAYqJ9XTeBkw5FKaVS_2orA/image;s=655x491;q=80,https://ireland.apollo.olxcdn.com/v1/files/eyJmbiI6ImMzY2N5bXp3eDI1bDMtQVBMIiwidyI6W3siZm4iOiJlbnZmcXFlMWF5NGsxLUFQTCIsInMiOiIxNCIsInAiOiIxMCwtMTAiLCJhIjoiMCJ9XX0.epCipgvoTCLTKlgFp3oiGjiuIKnZI1sQr0Z3Qo9ASiM/image;s=655x491;q=80,https://ireland.apollo.olxcdn.com/v1/files/eyJmbiI6Im02dDRteXZ4ZHEwOTMtQVBMIiwidyI6W3siZm4iOiJlbnZmcXFlMWF5NGsxLUFQTCIsInMiOiIxNCIsInAiOiIxMCwtMTAiLCJhIjoiMCJ9XX0.3QAAwSAori1RSbe03Pn1OrBSXGIgeLE2aVot4oxmr_0/image;s=655x491;q=80,https://ireland.apollo.olxcdn.com/v1/files/eyJmbiI6InowdG14OWIyZmVody1BUEwiLCJ3IjpbeyJmbiI6ImVudmZxcWUxYXk0azEtQVBMIiwicyI6IjE0IiwicCI6IjEwLC0xMCIsImEiOiIwIn1dfQ.ZYN1QwUJ4W4j-vCNQuva_Bj5wavLa3-JrJb7DGZ6LRY/image;s=655x491;q=80,https://ireland.apollo.olxcdn.com/v1/files/eyJmbiI6InM5c3NhaTQ3ZTlhcTMtQVBMIiwidyI6W3siZm4iOiJlbnZmcXFlMWF5NGsxLUFQTCIsInMiOiIxNCIsInAiOiIxMCwtMTAiLCJhIjoiMCJ9XX0.9O-q6lqgLRBEin6fZysYkL6wizJ-Yh2RKmJkTAc1Y84/image;s=655x491;q=80,https://ireland.apollo.olxcdn.com/v1/files/eyJmbiI6Ijd2bmNuZnV3ZnRlei1BUEwiLCJ3IjpbeyJmbiI6ImVudmZxcWUxYXk0azEtQVBMIiwicyI6IjE0IiwicCI6IjEwLC0xMCIsImEiOiIwIn1dfQ.yw8vI76mgdH7l1bkI9kbUZWP3xMD9rwjKBMvM7h4ISI/image;s=655x491;q=80,https://ireland.apollo.olxcdn.com/v1/files/eyJmbiI6IjlxcHA2OG0yemJtODMtQVBMIiwidyI6W3siZm4iOiJlbnZmcXFlMWF5NGsxLUFQTCIsInMiOiIxNCIsInAiOiIxMCwtMTAiLCJhIjoiMCJ9XX0.gIaqwPqkbs148xvTKLIamSm7mPJfNX79pbXP2jURgwE/image;s=655x491;q=80,https://ireland.apollo.olxcdn.com/v1/files/eyJmbiI6ImRqY28zb3k1ejlrdTMtQVBMIiwidyI6W3siZm4iOiJlbnZmcXFlMWF5NGsxLUFQTCIsInMiOiIxNCIsInAiOiIxMCwtMTAiLCJhIjoiMCJ9XX0.m9usmqyBw5jlVhwuP8CaMstRoHYUeqnGNy3UT10-7xU/image;s=655x491;q=80";34;10;block;concrete_plate;1977;ready_to_use;balcony,basement,lift;floor_10;urban;secondary;sprzedaz;240000;mieszkanie;1;plastic;y;łódzkie;Łódź;Polesie;Koziny
64077285;4kRqB;AGENCY;2023-03-27T14:15:28+02:00;2023-08-07T21:34:01+02:00;"<p>Osiedle Pojezierska. <br/>Rozkładowe M-4 na parterze wieżowca<br/>Mieszkanie do własnej aranżacji o funkcjonalnym układzie.</p>
<p>BUDYNEK: wieżowiec z 1975 roku, po termomodernizacji, czysta klatka schodowa<br/>ROZKŁAD: pełny rozkład; dwustronne wschód - zachód<br/>ŚRODK./SZCZYT.: środkowe<br/>BALKON/LOGGIA: półloggia, wykończona terakotą</p>
<p>- PRZEDPOKÓJ: podwójny: w pierwszej części wejście do największego pokoju, kuchni i łazienki, a w drugiej części szafa wnękowa i wejścia do dwóch mniejszych pokoi<br/>- I POKÓJ: 5 x 3,10 m2; pokój dzienny, loggia. Na podłodze wykładzina na płytkach pcv; ściany gładź gipsowa, malowane<br/>- II POKÓJ: 5 x 2,5 m2 - wykończenie podłogi i ścian tak jak w poprzednim pokoju. Szerokie okno na całą ścianę pokoju. <br/>- III POKÓJ: 3,9 x 2,5 m2 - wykończenie jw:</p>
<p>- KUCHNIA: 3 x 2 m2, z oknem; elementy glazury na ścianach, na podłodze wykładzina<br/>- ŁAZIENKA: 2,10 x 1,5 m2 razem z wc, kabina natryskowa, miejsce na pralkę. Łazienka wykończona glazurą, terakotą <br/>Pierwotnie były dwa oddzielne pomieszczenia łazienka i niewielkie wc z drzwiami wejściowymi tuż przy kuchni. <br/>Aktualny układ poprawił znacznie funkcjonalność - pozwolił na wygospodarowanie miejsca na pralkę</p>
<p>MEDIA: miejskie, c.o. opomiarowane, wodomierze<br/>OKNA/DRZWI: okna pcv; drzwi wejściowe podwójne, wewnętrzne standardowe<br/>MIEJSCE DLA SAMOCH.: pod blokiem<br/>CZAS OPUSZCZENIA: wolne<br/>OPŁATY: 480 zł przy deklaracji, że w mieszkaniu nie przebywa żadna osoba<br/>Do mieszkania przynależy piwnica.</p>
<p>PRZEZNACZENIE: funkcjonalne mieszkanie dla 1 do 4 osób.<br/>W pobliżu bogate zaplecze handlowe, edukacyjne. Niedaleko do komunikacji miejskiej.<br/>Pośrednik Elżbieta 501 579 748; 42 633 75 51<br/>Lic. F PPRN nr 484</p>";False;SLLDA15225;domofon / wideofon,kuchenka,balkon,piwnica,oddzielna kuchnia;Os. Pojezierska Rozkładowe M-4 do własnej aranż.;Real Nieruchomości;FLAT;SELL;51.79859210040234;19.42792855344239;Łódź;Bałuty;Okolice Księdza Brzóski;;480;;TO_RENOVATION;FULL_OWNERSHIP;Elżbieta Daszkiewicz;+48501579748;"https://ireland.apollo.olxcdn.com/v1/files/eyJmbiI6IjR4cnRjcDd4ZzIzcS1BUEwiLCJ3IjpbeyJmbiI6ImVudmZxcWUxYXk0azEtQVBMIiwicyI6IjE0IiwicCI6IjEwLC0xMCIsImEiOiIwIn1dfQ.y-Inh1W6NA3noc22uSMiDnV-0677dQZulaeUDiuWXz4/image;s=655x491;q=80,https://ireland.apollo.olxcdn.com/v1/files/eyJmbiI6IjQ0bXhhYzJxYXRlZTMtQVBMIiwidyI6W3siZm4iOiJlbnZmcXFlMWF5NGsxLUFQTCIsInMiOiIxNCIsInAiOiIxMCwtMTAiLCJhIjoiMCJ9XX0.hSAfaRgfGsNE-Hv3dDi5IKmspEJq80js_IS6F0v76R4/image;s=655x491;q=80,https://ireland.apollo.olxcdn.com/v1/files/eyJmbiI6IjdmMTU4cTU3MWg3bC1BUEwiLCJ3IjpbeyJmbiI6ImVudmZxcWUxYXk0azEtQVBMIiwicyI6IjE0IiwicCI6IjEwLC0xMCIsImEiOiIwIn1dfQ.mDcY62sfTGS1Lg5r8pJKCC-eoyqgRx6q8HOgCXn7HRQ/image;s=655x491;q=80,https://ireland.apollo.olxcdn.com/v1/files/eyJmbiI6IjcyeDNvazRqZDZ0ajMtQVBMIiwidyI6W3siZm4iOiJlbnZmcXFlMWF5NGsxLUFQTCIsInMiOiIxNCIsInAiOiIxMCwtMTAiLCJhIjoiMCJ9XX0.uYJ0xE8q3YldOGvnpp8JxBSasMKxX1ugfGU48HohHbQ/image;s=655x491;q=80,https://ireland.apollo.olxcdn.com/v1/files/eyJmbiI6ImJ5ZTg3MWw3NHpjczMtQVBMIiwidyI6W3siZm4iOiJlbnZmcXFlMWF5NGsxLUFQTCIsInMiOiIxNCIsInAiOiIxMCwtMTAiLCJhIjoiMCJ9XX0.oLbPbSUVlzkHaL8Sk4TWJx7Jfuc3lCr9F6MPb4QgplU/image;s=655x491;q=80,https://ireland.apollo.olxcdn.com/v1/files/eyJmbiI6IjE5cXMzdmkzbWZlODItQVBMIiwidyI6W3siZm4iOiJlbnZmcXFlMWF5NGsxLUFQTCIsInMiOiIxNCIsInAiOiIxMCwtMTAiLCJhIjoiMCJ9XX0.4vDua5iGyknE35QhYN9jnGCYz7rdkSYZQPYd3hQDcwU/image;s=655x491;q=80,https://ireland.apollo.olxcdn.com/v1/files/eyJmbiI6Imk2N2p2ZndxbG8ycDEtQVBMIiwidyI6W3siZm4iOiJlbnZmcXFlMWF5NGsxLUFQTCIsInMiOiIxNCIsInAiOiIxMCwtMTAiLCJhIjoiMCJ9XX0.B8gCRR0QXiCmlXNLkUO4Is2IUz-xAjUeANAkxE-qiQw/image;s=655x491;q=80,https://ireland.apollo.olxcdn.com/v1/files/eyJmbiI6ImZqNDZzMXBkaWdhNy1BUEwiLCJ3IjpbeyJmbiI6ImVudmZxcWUxYXk0azEtQVBMIiwicyI6IjE0IiwicCI6IjEwLC0xMCIsImEiOiIwIn1dfQ.OraMDHotuHanLaKXzVgljSE_0kQrPrw6ljkBT21ZYwE/image;s=655x491;q=80,https://ireland.apollo.olxcdn.com/v1/files/eyJmbiI6Ijl3OGExY2h1aG1raTEtQVBMIiwidyI6W3siZm4iOiJlbnZmcXFlMWF5NGsxLUFQTCIsInMiOiIxNCIsInAiOiIxMCwtMTAiLCJhIjoiMCJ9XX0.W4stbO9LZV-S2zY4wXU9dC4s4EmmK9ldJXFOwi16RkQ/image;s=655x491;q=80,https://ireland.apollo.olxcdn.com/v1/files/eyJmbiI6Ijhlbm4zOHV1NXd5Yy1BUEwiLCJ3IjpbeyJmbiI6ImVudmZxcWUxYXk0azEtQVBMIiwicyI6IjE0IiwicCI6IjEwLC0xMCIsImEiOiIwIn1dfQ.u-BXL6ajPw9AZM_ahC0CQ_UlI0_Ka4bM6JLq58kqjXc/image;s=655x491;q=80,https://ireland.apollo.olxcdn.com/v1/files/eyJmbiI6InVidWR1ZmNxNTJmNjItQVBMIiwidyI6W3siZm4iOiJlbnZmcXFlMWF5NGsxLUFQTCIsInMiOiIxNCIsInAiOiIxMCwtMTAiLCJhIjoiMCJ9XX0.WrTuyNUXKfr8-lYqeeRsdvhC5TNbz7GU0BWsx_9nQyo/image;s=655x491;q=80,https://ireland.apollo.olxcdn.com/v1/files/eyJmbiI6Impwbmhpa3R0cTlsajEtQVBMIiwidyI6W3siZm4iOiJlbnZmcXFlMWF5NGsxLUFQTCIsInMiOiIxNCIsInAiOiIxMCwtMTAiLCJhIjoiMCJ9XX0.5Nyu4SiYO2GgCx6guUm5qRw7ah2gxsgMjYRA7jM6lSs/image;s=655x491;q=80,https://ireland.apollo.olxcdn.com/v1/files/eyJmbiI6InZpMnBvb3Y0YWFhcTEtQVBMIiwidyI6W3siZm4iOiJlbnZmcXFlMWF5NGsxLUFQTCIsInMiOiIxNCIsInAiOiIxMCwtMTAiLCJhIjoiMCJ9XX0.plTbX4MEbjLVZQkuBNdOlwBWfbq5lq8dYDP6ITwrLd4/image;s=655x491;q=80,https://ireland.apollo.olxcdn.com/v1/files/eyJmbiI6ImNtcTVpcmR0NzR6ZTItQVBMIiwidyI6W3siZm4iOiJlbnZmcXFlMWF5NGsxLUFQTCIsInMiOiIxNCIsInAiOiIxMCwtMTAiLCJhIjoiMCJ9XX0.2AKUrdgZ1NMa5nOagQy1d1S3p-hrprZ7hEiDfDxjxtk/image;s=655x491;q=80,https://ireland.apollo.olxcdn.com/v1/files/eyJmbiI6ImIwOHFnazk4Znd0YTItQVBMIiwidyI6W3siZm4iOiJlbnZmcXFlMWF5NGsxLUFQTCIsInMiOiIxNCIsInAiOiIxMCwtMTAiLCJhIjoiMCJ9XX0.BFeh6RiSg3vZP4pNPj951kn1UfOfyUOoK05D3AGSAxY/image;s=655x491;q=80,https://ireland.apollo.olxcdn.com/v1/files/eyJmbiI6InJ5emRmdHNmdTAwMjEtQVBMIiwidyI6W3siZm4iOiJlbnZmcXFlMWF5NGsxLUFQTCIsInMiOiIxNCIsInAiOiIxMCwtMTAiLCJhIjoiMCJ9XX0.LqILSgV7KbtC_f74q1cpDsqC16RZQfwlWQ7HR1hD5sc/image;s=655x491;q=80,https://ireland.apollo.olxcdn.com/v1/files/eyJmbiI6IjdrOTc5Zm5sOGZhdTEtQVBMIiwidyI6W3siZm4iOiJlbnZmcXFlMWF5NGsxLUFQTCIsInMiOiIxNCIsInAiOiIxMCwtMTAiLCJhIjoiMCJ9XX0.Bb8PSw4lCI-gj8ymPm5D0Fjkw_1cUeIjvL5n6YxUXN8/image;s=655x491;q=80,https://ireland.apollo.olxcdn.com/v1/files/eyJmbiI6IjkxZm1rdjY3ZzJobC1BUEwiLCJ3IjpbeyJmbiI6ImVudmZxcWUxYXk0azEtQVBMIiwicyI6IjE0IiwicCI6IjEwLC0xMCIsImEiOiIwIn1dfQ.UoTmpkkLcTnHYKs5m1899y5v2yyndsWIsPYwNClLR28/image;s=655x491;q=80";57;10;block;concrete_plate;1975;to_renovation;balcony,basement,separate_kitchen;ground_floor;urban;secondary;sprzedaz;342000;mieszkanie;3;plastic;n;łódzkie;Łódź;Bałuty;Stare Bałuty
